Workbook

Sheet Summary
A1: Home NOC Lab - Incident Summary
A2: Four exercises on a virtual monitoring lab (Zabbix, Docker). Home lab practice, not production. Alert counts and times are calculated from the Alert Log tab.
A4: Incident | B4: Exercise | C4: Date | D4: First alert | E4: Highest severity | F4: Alerts fired | G4: Total time in alert (min:sec) | H4: Type | I4: Outcome | J4: Key lesson
A5: INC-001 | B5: 1: Service down | C5: 46321 | D5: =INDEX('Alert Log'!$F$5:$F$15,MATCH(A5,'Alert Log'!$A$5:$A$15,0)) -> 46321.574 | E5: High | F5: =COUNTIF('Alert Log'!$A$5:$A$15,A5) -> 1 | G5: =SUMIF('Alert Log'!$A$5:$A$15,A5,'Alert Log'!$H$5:$H$15) -> 0.0013888889 | H5: Real outage (induced) | I5: Alert fired and cleared as expected; monitoring confirmed working. | J5: A healthy baseline (both checks at 1) makes an incident easy to recognize.
A6: INC-002 | B6: 2: Monitoring agent unavailable | C6: 46321 | D6: =INDEX('Alert Log'!$F$5:$F$15,MATCH(A6,'Alert Log'!$A$5:$A$15,0)) -> 46321.589 | E6: Average | F6: =COUNTIF('Alert Log'!$A$5:$A$15,A6) -> 1 | G6: =SUMIF('Alert Log'!$A$5:$A$15,A6,'Alert Log'!$H$5:$H$15) -> 0.0024768519 | H6: Monitoring gap | I6: Agent restarted; alert cleared. No monitored service was down. | J6: Tell a real outage from a monitoring gap; monitoring can lose sight of a healthy system.
A7: INC-003 | B7: 3: Flapping service and trigger tuning | C7: 46321 | D7: =INDEX('Alert Log'!$F$5:$F$15,MATCH(A7,'Alert Log'!$A$5:$A$15,0)) -> 46321.62 | E7: High | F7: =COUNTIF('Alert Log'!$A$5:$A$15,A7) -> 7 | G7: =SUMIF('Alert Log'!$A$5:$A$15,A7,'Alert Log'!$H$5:$H$15) -> 0.0075810185 | H7: Alert noise | I7: Three alerts in about 7 minutes cut to zero for 30-second blips, with real outages still caught. | J7: A trigger has several conditions, and tuning one does not tune the others. Test the result.
A8: INC-004 | B8: 4: Two problems at once | C8: 46321 | D8: =INDEX('Alert Log'!$F$5:$F$15,MATCH(A8,'Alert Log'!$A$5:$A$15,0)) -> 46321.654 | E8: High | F8: =COUNTIF('Alert Log'!$A$5:$A$15,A8) -> 2 | G8: =SUMIF('Alert Log'!$A$5:$A$15,A8,'Alert Log'!$H$5:$H$15) -> 0.011585648 | H8: Real outage + monitoring gap | I8: web-target (High) worked first, agent (Average) second; both resolved. | J8: Alerts have different detection delays, so a quiet screen is not proof that all is healthy.
A9: Total | F9: =SUM(F5:F8) -> 11 | G9: =SUM(G5:G8) -> 0.023032407
A11: Tabs in this workbook
A12: Summary: this page. Alert Log: every alert with start, recovery and calculated durations.
A13: Incident Records: the full write-up for each incident. Tuning History: the three versions of the web-target trigger.
A14: Shift Handoff: example handoff note.

Sheet Alert Log
A1: Alert Log - every alert from Exercises 1 to 4
A2: Home NOC Lab (Zabbix 7.0), all on 10/26/2026. Times come from Monitoring > Problems or from the user's own notes. Blue text = recorded input; black = formula.
A4: Incident | B4: Phase / trigger version | C4: Problem | D4: Host | E4: Severity | F4: Started | G4: Recovered | H4: Duration (min:sec) | I4: Containers stopped at | J4: Detection delay after stop (min:sec) | K4: Time precision | L4: Notes
A5: INC-001 | B5: Original trigger | C5: web-target: HTTP service down | D5: web-target | E5: High | F5: 46321.574 | G5: 46321.576 | H5: =IF(OR(F5="",G5=""),"",G5-F5) -> 0.0013888889 | J5: =IF(OR(F5="",I5=""),"",F5-I5) | K5: Minute | L5: First alert cycle. web-target stopped, then restarted with docker compose start.
A6: INC-002 | B6: Built-in agent alert | C6: Linux: Zabbix agent is not available (for 3m) | D6: Zabbix server | E6: Average | F6: 46321.589 | G6: 46321.592 | H6: =IF(OR(F6="",G6=""),"",G6-F6) -> 0.0024768519 | J6: =IF(OR(F6="",I6=""),"",F6-I6) | K6: Start to the second; recovery to the minute | L6: Monitoring gap, not a service outage. Alert has a built-in 3-minute delay.
A7: INC-003 | B7: Original trigger (1m no-data) | C7: web-target: HTTP service down | D7: web-target | E7: High | F7: 46321.62 | G7: 46321.621 | H7: =IF(OR(F7="",G7=""),"",G7-F7) -> 0.0011805556 | J7: =IF(OR(F7="",I7=""),"",F7-I7) | K7: Second | L7: Flapping test, alert 1 of 3.
A8: INC-003 | B8: Original trigger (1m no-data) | C8: web-target: HTTP service down | D8: web-target | E8: High | F8: 46321.622 | G8: 46321.623 | H8: =IF(OR(F8="",G8=""),"",G8-F8) -> 0.0013310185 | J8: =IF(OR(F8="",I8=""),"",F8-I8) | K8: Second | L8: Flapping test, alert 2 of 3. Fired 63 s after alert 1 cleared.
A9: INC-003 | B9: Original trigger (1m no-data) | C9: web-target: HTTP service down | D9: web-target | E9: High | F9: 46321.623 | G9: 46321.624 | H9: =IF(OR(F9="",G9=""),"",G9-F9) -> 0.0011574074 | J9: =IF(OR(F9="",I9=""),"",F9-I9) | K9: Second | L9: Flapping test, alert 3 of 3. Fired 35 s after alert 2 cleared.
A10: INC-003 | B10: Tuning pass 1 (3m no-data) | C10: web-target: HTTP service down | D10: web-target | E10: High | F10: 46321.636 | G10: 46321.638 | H10: =IF(OR(F10="",G10=""),"",G10-F10) -> 0.0025694444 | J10: =IF(OR(F10="",I10=""),"",F10-I10) | K10: Second | L10: About 3-minute stop; alert fired about 3 minutes after the stop (no-data window worked).
A11: INC-003 | B11: Tuning pass 1 (3m no-data) | C11: web-target: HTTP service down | D11: web-target | E11: High | F11: 46321.639 | G11: 46321.639 | H11: =IF(OR(F11="",G11=""),"",G11-F11) -> 0.0003125 | J11: =IF(OR(F11="",I11=""),"",F11-I11) | K11: Second | L11: About 30-second stop still alerted: the last()=0 condition fired on one failed check.
A12: INC-003 | B12: Tuning pass 1 (3m no-data) | C12: web-target: HTTP service down | D12: web-target | E12: High | F12: 46321.639 | G12: 46321.64 | H12: =IF(OR(F12="",G12=""),"",G12-F12) -> 0.00033564815 | J12: =IF(OR(F12="",I12=""),"",F12-I12) | K12: Second | L12: Second 30-second stop also alerted, same cause.
A13: INC-003 | B13: Tuning pass 2 (4 failed checks) | C13: web-target: HTTP service down | D13: web-target | E13: High | F13: 46321.648 | G13: 46321.649 | H13: =IF(OR(F13="",G13=""),"",G13-F13) -> 0.00069444444 | J13: =IF(OR(F13="",I13=""),"",F13-I13) | K13: Minute | L13: 2-minute stop; alert fired at 3:33 PM and cleared when restarted at about 3:34 PM. The two 30-second stops before it produced no alerts.
A14: INC-004 | B14: Tuning pass 2 (4 failed checks) | C14: web-target: HTTP service down | D14: web-target | E14: High | F14: 46321.654 | G14: 46321.66 | H14: =IF(OR(F14="",G14=""),"",G14-F14) -> 0.0060300926 | I14: 46321.653 | J14: =IF(OR(F14="",I14=""),"",F14-I14) -> 0.00075231481 | K14: Second | L14: Real outage. Restored first.
A15: INC-004 | B15: Built-in agent alert | C15: Linux: Zabbix agent is not available (for 3m) | D15: Zabbix server | E15: Average | F15: 46321.656 | G15: 46321.661 | H15: =IF(OR(F15="",G15=""),"",G15-F15) -> 0.0055555556 | I15: 46321.653 | J15: =IF(OR(F15="",I15=""),"",F15-I15) -> 0.0023842593 | K15: Second | L15: Monitoring gap. Restored second.
A17: Notes
A18: Detection delay is only calculated where the stop time was recorded (INC-004). For the others, the exact stop time was not noted.
A19: Where precision is 'Minute', the user recorded the time to the minute only, so durations for those rows are approximate.

Sheet Incident Records
A1: Incident Records
A2: Items in [brackets] are for you to complete with what you actually did and saw.
A4: Field | B4: INC-001 | C4: INC-002 | D4: INC-003 | E4: INC-004
A5: Exercise | B5: 1: Service down | C5: 2: Monitoring agent unavailable | D5: 3: Flapping service and trigger tuning | E5: 4: Two problems at once
A6: Title | B6: web-target: HTTP service down | C6: Zabbix server: monitoring agent not available | D6: web-target: repeated HTTP service down alerts (flapping) and trigger tuning | E6: Concurrent alerts: web-target HTTP down and Zabbix agent unavailable
A7: Detected | B7: 1:47 PM, Zabbix alert 'web-target: HTTP service down' | C7: 2:08 PM (first seen 2:08:26 PM), alert 'Linux: Zabbix agent is not available (for 3m)' | D7: 2:52:21 PM, first of three alerts | E7: 3:42:05 PM (web-target, High); 3:44:26 PM (agent, Average)
A8: Severity / impact | B8: High. Test web service unavailable (lab); no real users affected. | C8: Average. Monitoring was blind on the Zabbix server host. No monitored service was actually down. | D8: High per alert. Intermittent unavailability of the test web service (lab). | E8: High: web-target HTTP service unavailable (real outage). Average: monitoring lost contact with the agent (monitoring gap).
A9: Affected service | B9: web-target (nginx container), HTTP on port 80 | C9: zabbix-agent container (agent for the Zabbix server host) | D9: web-target (nginx container), HTTP on port 80 | E9: web-target and zabbix-agent containers
A10: Summary | B10: Zabbix detected the HTTP check failing and raised a High problem. | C10: Zabbix stopped receiving data from the agent and raised an alert after about 3 minutes. | D10: Three High alerts fired in about 7 minutes (2:52 to 2:59 PM): about 5m 17s of downtime and about 1m 38s of uptime between alerts. | E10: Both containers were stopped at 3:41:00 PM. The alerts arrived at different times because their triggers have different detection delays (about 1 minute vs about 3 minutes).
A11: Actions taken | B11: Restarted web-target with 'docker compose start web-target'. [Add what you checked first, e.g. Latest data, docker compose ps.] | C11: Restarted the agent with 'docker compose start zabbix-agent'. [Add the checks you did, e.g. confirmed the web server and database were healthy.] | D11: Tuned the trigger in two passes (see Tuning History): lengthened the no-data window from 1 to 3 minutes, then replaced last()=0 with a check that 4 consecutive checks failed. [Add anything else you did.] | E11: Worked web-target first (real outage, higher severity), then the agent. Restarted web-target (recovered 3:50:46 PM), then the agent (recovered 3:52:26 PM). [Add any checks you made first.]
A12: Escalation | B12: None needed (lab). [In production: who you would notify, and when.] | C12: None needed (lab). [In production: who you would notify, e.g. the monitoring team.] | D12: None needed (lab). In production, propose the tuning change to the monitoring owner. | E12: None needed (lab). In production: log both, notify the service owner or on-call for the High outage, and tell the monitoring owner if the agent does not recover quickly.
A13: Resolution | B13: Problem resolved at 1:49 PM (about 2 minutes, times to the minute). | C13: Problem resolved at 2:12 PM (about 4 minutes after the alert). | D13: Final trigger: two 30-second stops produced no alerts; a 2-minute stop alerted at 3:33 PM and cleared when restarted at about 3:34 PM. | E13: Both problems resolved: web-target 3:50:46 PM, agent 3:52:26 PM.
A14: Root cause | B14: The container was stopped on purpose as a test. | C14: The agent container was stopped on purpose as a test. [Add the exact stop time, about 3 minutes before the alert.] | D14: Containers were stopped and started repeatedly on purpose. The original trigger fired on a single failed check or 1 minute of no data and cleared as soon as data returned, so each brief outage opened a new alert. | E14: Both containers were stopped on purpose as a test.
A15: Related alerts? | B15: n/a | C15: n/a | D15: n/a | E15: Independent in this lab, since they were stopped separately. In production, check for a shared cause (same host or network) before assuming.
A16: Lessons / follow-up | B16: A healthy baseline (both checks at 1) makes an incident easy to recognize. | C16: Tell a real outage from a monitoring gap. The gap is that monitoring lost contact; the 3-minute delay is why the alert came late. | D16: Tradeoff: fewer pages for short blips, but up to about a minute more detection delay and outages under about a minute are no longer reported. Consider recovery conditions that require several good checks. | E16: Alerts have detection delays, and a quiet screen is not proof that everything is healthy. Alerts can arrive in a different order than the problems occurred.

Sheet Tuning History
A1: Tuning History - trigger 'web-target: HTTP service down' (INC-003)
A3: Version | B3: Trigger expression | C3: What changed | D3: Test | E3: Result
A4: v1 (original) | B4: last(/web-target/net.tcp.service[http,,80])=0 or nodata(/web-target/net.tcp.service[http,,80],1m)=1 | C4: Starting point. | D4: Repeated stop and start of web-target. | E4: Three separate High alerts in about 7 minutes (2:52 to 2:59 PM): flapping.
A5: v2 | B5: last(/web-target/net.tcp.service[http,,80])=0 or nodata(/web-target/net.tcp.service[http,,80],3m)=1 | C5: Lengthened the no-data window from 1 minute to 3 minutes. | D5: One 3-minute stop, then two stops of about 30 seconds. | E5: Long outage alerted after about 3 minutes (as intended). The 30-second stops still alerted (27 s and 29 s problems) because last()=0 fires on a single failed check.
A6: v3 (final) | B6: max(/web-target/net.tcp.service[http,,80],#4)=0 or nodata(/web-target/net.tcp.service[http,,80],3m)=1 | C6: Replaced last()=0 with max() over the last 4 checks, so all 4 must fail (about a minute at 15-second checks). | D6: Two stops of about 30 seconds (3:29 to 3:31 PM), then a 2-minute stop. | E6: 30-second stops: no alerts. 2-minute stop: alert at 3:33 PM; restarted about 3:34 PM.
A8: Note: min() over the last 4 values is 0 if ANY value is 0, so it would still alert on one failure. max() is 0 only if ALL 4 values are 0, which is what makes the trigger require 4 failures in a row.

Sheet Shift Handoff
A1: Shift Handoff Note (example)
A3: Section | B3: Entry
A4: Date, shift, author | B4: 10/26/2026, afternoon, [your name]
A5: Open incidents | B5: None. INC-001 to INC-004 all resolved.
A6: Things to watch | B6: web-target trigger was tuned (requires 4 failed checks or 3 minutes of no data). Short blips under about a minute will no longer alert.
A7: Planned changes | B7: None.
A8: Notes | B8: Agent alert has a built-in 3-minute delay, so allow for it when judging monitoring gaps.
